{
  "planitariaVersion": "core-validated-logic-2025-05-19",
  "features": {
    "canvas": true,
    "tray": true,
    "inspector": true,
    "connections": true,
    "validation": true,
    "simulation": true,
    "diagnosticOverlays": true,
    "persistedUI": true
  },
  "diagnostics": [
    "missing_input",
    "loop_detected",
    "invalid_connection",
    "self_loop"
  ],
  "ui": [
    "movablePanels",
    "visibilityToggles",
    "localStorageLayout"
  ],
  "dataStorage": [
    "planitJSON",
    "base64Save",
    "localDownload"
  ],
  "continuityFiles": [
    "readme_Chloe.md",
    "chloe.delta.json",
    "planitaria.meta.json"
  ]
}