{
  "project": "Planitaria",
  "version": "pre-1.0",
  "buildstamp": "Planitaria_SimulationScaffold_FULL",
  "features": [
    "snap_to_grid",
    "rotation",
    "tray_dragdrop",
    "inspector_editable",
    "planit_encryption",
    "planitae_switching",
    "visual_overlays",
    "connection_system",
    "simulation_scaffolding"
  ],
  "planitae": [
    "Satisfactory"
  ],
  "status": {
    "ui": "functionally complete, unstyled",
    "logic": "connection + simulation scaffold active",
    "ready_for_github_qc": true
  }
}