{
  "project": "Planitaria",
  "version": "pre-1.0",
  "buildstamp": "Planitaria_OverlayDiagnostics_FULL",
  "features": [
    "snap_to_grid",
    "rotation",
    "tray_dragdrop",
    "inspector_editable",
    "planit_encryption",
    "planitae_switching",
    "visual_overlays",
    "connection_system",
    "simulation_scaffolding",
    "logic_flow_simulation",
    "diagnostic_tooltips",
    "error_flags",
    "overlay_toggles"
  ],
  "planitae": [
    "Satisfactory"
  ],
  "status": {
    "logic": "diagnostics verified",
    "ui": "basic overlays active",
    "save_ready": true,
    "continuity_synced": true
  }
}